observation_id,access,user_id,specie_id,specie_name,location_id,location_name,latitude,longitude,resource_id,resource_secondary_id,measurement_id,trait_id,trait_name,standard_id,standard_unit,methodology_id,methodology_name,value,value_type,precision,precision_type,precision_upper,replicates,notes
212,1,5,4,Acanthastrea echinata,2,Great Barrier Reef (GBR),-17.832374,146.821289,38,282,203,65,Abundance GBR,10,cat,22,Derived from textual description,uncommon,expert_opinion,"","","","",
341,1,5,6,Acanthastrea hemprichi,2,Great Barrier Reef (GBR),-17.832374,146.821289,38,282,327,65,Abundance GBR,10,cat,22,Derived from textual description,uncommon,expert_opinion,"","","","",
715,1,5,12,Acanthastrea regularis,2,Great Barrier Reef (GBR),-17.832374,146.821289,38,282,685,65,Abundance GBR,10,cat,22,Derived from textual description,uncommon,expert_opinion,"","","","",
781,1,5,13,Acanthastrea rotundoflora,2,Great Barrier Reef (GBR),-17.832374,146.821289,38,282,748,65,Abundance GBR,10,cat,22,Derived from textual description,uncommon,expert_opinion,"","","","",
950,1,5,16,Acropora abrolhosensis,2,Great Barrier Reef (GBR),-17.832374,146.821289,38,282,910,65,Abundance GBR,10,cat,22,Derived from textual description,common,expert_opinion,"","","","",
1032,1,5,17,Acropora abrotanoides,2,Great Barrier Reef (GBR),-17.832374,146.821289,38,282,988,65,Abundance GBR,10,cat,22,Derived from textual description,common,expert_opinion,"","","","",
1110,1,5,18,Acropora aculeus,2,Great Barrier Reef (GBR),-17.832374,146.821289,38,282,1062,65,Abundance GBR,10,cat,22,Derived from textual description,common,expert_opinion,"","","","",
1191,1,5,19,Acropora acuminata,2,Great Barrier Reef (GBR),-17.832374,146.821289,38,282,1139,65,Abundance GBR,10,cat,22,Derived from textual description,uncommon,expert_opinion,"","","","",
1267,1,5,20,Acropora akajimensis,2,Great Barrier Reef (GBR),-17.832374,146.821289,38,282,1213,65,Abundance GBR,10,cat,22,Derived from textual description,uncommon,expert_opinion,"","","","",
1344,1,5,21,Acropora anthocercis,2,Great Barrier Reef (GBR),-17.832374,146.821289,38,282,1286,65,Abundance GBR,10,cat,22,Derived from textual description,common,expert_opinion,"","","","",
1568,1,5,24,Acropora aspera,2,Great Barrier Reef (GBR),-17.832374,146.821289,38,282,1507,65,Abundance GBR,10,cat,22,Derived from textual description,common,expert_opinion,"","","","",
1650,1,5,25,Acropora austera,2,Great Barrier Reef (GBR),-17.832374,146.821289,38,282,1585,65,Abundance GBR,10,cat,22,Derived from textual description,uncommon,expert_opinion,"","","","",
1794,1,5,27,Acropora azurea,2,Great Barrier Reef (GBR),-17.832374,146.821289,38,282,1723,65,Abundance GBR,10,cat,22,Derived from textual description,uncommon,expert_opinion,"","","","",
2154,1,5,32,Acropora bushyensis,2,Great Barrier Reef (GBR),-17.832374,146.821289,38,282,2072,65,Abundance GBR,10,cat,22,Derived from textual description,rare,expert_opinion,"","","","",
2231,1,5,33,Acropora cardenae,2,Great Barrier Reef (GBR),-17.832374,146.821289,38,282,2146,65,Abundance GBR,10,cat,22,Derived from textual description,common,expert_opinion,"","","","",
2307,1,5,34,Acropora carduus,2,Great Barrier Reef (GBR),-17.832374,146.821289,38,282,2218,65,Abundance GBR,10,cat,22,Derived from textual description,common,expert_opinion,"","","","",
2386,1,5,35,Acropora caroliniana,2,Great Barrier Reef (GBR),-17.832374,146.821289,38,282,2293,65,Abundance GBR,10,cat,22,Derived from textual description,uncommon,expert_opinion,"","","","",
2476,1,5,36,Acropora cerealis,2,Great Barrier Reef (GBR),-17.832374,146.821289,38,282,2387,65,Abundance GBR,10,cat,22,Derived from textual description,common,expert_opinion,"","","","",
2636,1,5,38,Acropora chesterfieldensis,2,Great Barrier Reef (GBR),-17.832374,146.821289,38,282,2540,65,Abundance GBR,10,cat,22,Derived from textual description,rare,expert_opinion,"","","","",
2722,1,5,39,Acropora clathrata,2,Great Barrier Reef (GBR),-17.832374,146.821289,38,282,2622,65,Abundance GBR,10,cat,22,Derived from textual description,common,expert_opinion,"","","","",
3236,1,5,46,Acropora cytherea,2,Great Barrier Reef (GBR),-17.832374,146.821289,38,282,3124,65,Abundance GBR,10,cat,22,Derived from textual description,common,expert_opinion,"","","","",
3317,1,5,47,Acropora dendrum,2,Great Barrier Reef (GBR),-17.832374,146.821289,38,282,3201,65,Abundance GBR,10,cat,22,Derived from textual description,rare,expert_opinion,"","","","",
3543,1,5,50,Acropora digitifera,2,Great Barrier Reef (GBR),-17.832374,146.821289,38,282,3418,65,Abundance GBR,10,cat,22,Derived from textual description,common,expert_opinion,"","","","",
3635,1,5,51,Acropora divaricata,2,Great Barrier Reef (GBR),-17.832374,146.821289,38,282,3507,65,Abundance GBR,10,cat,22,Derived from textual description,common,expert_opinion,"","","","",
3719,1,5,52,Acropora donei,2,Great Barrier Reef (GBR),-17.832374,146.821289,38,282,3587,65,Abundance GBR,10,cat,22,Derived from textual description,uncommon,expert_opinion,"","","","",
3868,1,5,54,Acropora echinata,2,Great Barrier Reef (GBR),-17.832374,146.821289,38,282,3730,65,Abundance GBR,10,cat,22,Derived from textual description,uncommon,expert_opinion,"","","","",
4200,1,5,59,Acropora elseyi,2,Great Barrier Reef (GBR),-17.832374,146.821289,38,282,4054,65,Abundance GBR,10,cat,22,Derived from textual description,common,expert_opinion,"","","","",
4323,1,5,61,Acropora exquisita,2,Great Barrier Reef (GBR),-17.832374,146.821289,38,282,4173,65,Abundance GBR,10,cat,22,Derived from textual description,uncommon,expert_opinion,"","","","",
4385,1,5,62,Acropora fastigata,2,Great Barrier Reef (GBR),-17.832374,146.821289,38,282,4233,65,Abundance GBR,10,cat,22,Derived from textual description,rare,expert_opinion,"","","","",
4574,1,5,65,Acropora florida,2,Great Barrier Reef (GBR),-17.832374,146.821289,38,282,4418,65,Abundance GBR,10,cat,22,Derived from textual description,common,expert_opinion,"","","","",
4809,1,5,68,Acropora gemmifera,2,Great Barrier Reef (GBR),-17.832374,146.821289,38,282,4644,65,Abundance GBR,10,cat,22,Derived from textual description,common,expert_opinion,"","","","",
4908,1,5,69,Acropora glauca,2,Great Barrier Reef (GBR),-17.832374,146.821289,38,282,4737,65,Abundance GBR,10,cat,22,Derived from textual description,rare,expert_opinion,"","","","",
5115,1,5,72,Acropora grandis,2,Great Barrier Reef (GBR),-17.832374,146.821289,38,282,4938,65,Abundance GBR,10,cat,22,Derived from textual description,common,expert_opinion,"","","","",
5206,1,5,73,Acropora granulosa,2,Great Barrier Reef (GBR),-17.832374,146.821289,38,282,5025,65,Abundance GBR,10,cat,22,Derived from textual description,common,expert_opinion,"","","","",
5550,1,5,78,Acropora horrida,2,Great Barrier Reef (GBR),-17.832374,146.821289,38,282,5358,65,Abundance GBR,10,cat,22,Derived from textual description,uncommon,expert_opinion,"","","","",
5652,1,5,79,Acropora humilis,2,Great Barrier Reef (GBR),-17.832374,146.821289,38,282,5458,65,Abundance GBR,10,cat,22,Derived from textual description,common,expert_opinion,"","","","",
5754,1,5,80,Acropora hyacinthus,2,Great Barrier Reef (GBR),-17.832374,146.821289,38,282,5560,65,Abundance GBR,10,cat,22,Derived from textual description,common,expert_opinion,"","","","",
8450,1,5,119,Acropora intermedia,2,Great Barrier Reef (GBR),-17.832374,146.821289,38,282,8183,65,Abundance GBR,10,cat,22,Derived from textual description,common,expert_opinion,"","","","",
6284,1,5,89,Acropora kimbeensis,2,Great Barrier Reef (GBR),-17.832374,146.821289,38,282,6082,65,Abundance GBR,10,cat,22,Derived from textual description,common,expert_opinion,"","","","",
6364,1,5,90,Acropora kirstyae,2,Great Barrier Reef (GBR),-17.832374,146.821289,38,282,6158,65,Abundance GBR,10,cat,22,Derived from textual description,uncommon,expert_opinion,"","","","",
6578,1,5,93,Acropora latistella,2,Great Barrier Reef (GBR),-17.832374,146.821289,38,282,6366,65,Abundance GBR,10,cat,22,Derived from textual description,common,expert_opinion,"","","","",
6719,1,5,95,Acropora listeri,2,Great Barrier Reef (GBR),-17.832374,146.821289,38,282,6503,65,Abundance GBR,10,cat,22,Derived from textual description,uncommon,expert_opinion,"","","","",
6941,1,5,98,Acropora longicyathus,2,Great Barrier Reef (GBR),-17.832374,146.821289,38,282,6717,65,Abundance GBR,10,cat,22,Derived from textual description,common,expert_opinion,"","","","",
7028,1,5,99,Acropora loripes,2,Great Barrier Reef (GBR),-17.832374,146.821289,38,282,6800,65,Abundance GBR,10,cat,22,Derived from textual description,common,expert_opinion,"","","","",
7112,1,5,100,Acropora loveli,2,Great Barrier Reef (GBR),-17.832374,146.821289,38,282,6880,65,Abundance GBR,10,cat,22,Derived from textual description,rare,expert_opinion,"","","","",
7206,1,5,101,Acropora lutkeni,2,Great Barrier Reef (GBR),-17.832374,146.821289,38,282,6969,65,Abundance GBR,10,cat,22,Derived from textual description,common,expert_opinion,"","","","",
7560,1,5,107,Acropora microclados,2,Great Barrier Reef (GBR),-17.832374,146.821289,38,282,7317,65,Abundance GBR,10,cat,22,Derived from textual description,uncommon,expert_opinion,"","","","",
7644,1,5,108,Acropora microphthalma,2,Great Barrier Reef (GBR),-17.832374,146.821289,38,282,7397,65,Abundance GBR,10,cat,22,Derived from textual description,common,expert_opinion,"","","","",
7739,1,5,109,Acropora millepora,2,Great Barrier Reef (GBR),-17.832374,146.821289,38,282,7488,65,Abundance GBR,10,cat,22,Derived from textual description,common,expert_opinion,"","","","",
7942,1,5,112,Acropora monticulosa,2,Great Barrier Reef (GBR),-17.832374,146.821289,38,282,7685,65,Abundance GBR,10,cat,22,Derived from textual description,common,expert_opinion,"","","","",
8056,1,5,114,Acropora multiacuta,2,Great Barrier Reef (GBR),-17.832374,146.821289,38,282,7795,65,Abundance GBR,10,cat,22,Derived from textual description,uncommon,expert_opinion,"","","","",
4659,1,5,66,Acropora muricata,2,Great Barrier Reef (GBR),-17.832374,146.821289,38,282,4498,65,Abundance GBR,10,cat,22,Derived from textual description,common,expert_opinion,"","","","",
8143,1,5,115,Acropora nana,2,Great Barrier Reef (GBR),-17.832374,146.821289,38,282,7878,65,Abundance GBR,10,cat,22,Derived from textual description,common,expert_opinion,"","","","",
8241,1,5,116,Acropora nasuta,2,Great Barrier Reef (GBR),-17.832374,146.821289,38,282,7980,65,Abundance GBR,10,cat,22,Derived from textual description,common,expert_opinion,"","","","",
8851,1,5,125,Acropora palmerae,2,Great Barrier Reef (GBR),-17.832374,146.821289,38,282,8570,65,Abundance GBR,10,cat,22,Derived from textual description,uncommon,expert_opinion,"","","","",
8929,1,5,126,Acropora paniculata,2,Great Barrier Reef (GBR),-17.832374,146.821289,38,282,8644,65,Abundance GBR,10,cat,22,Derived from textual description,uncommon,expert_opinion,"","","","",
9787,1,5,140,Acropora polystoma,2,Great Barrier Reef (GBR),-17.832374,146.821289,38,282,9481,65,Abundance GBR,10,cat,22,Derived from textual description,uncommon,expert_opinion,"","","","",
9920,1,5,142,Acropora prostrata,2,Great Barrier Reef (GBR),-17.832374,146.821289,38,282,9609,65,Abundance GBR,10,cat,22,Derived from textual description,uncommon,expert_opinion,"","","","",
10114,1,5,145,Acropora pulchra,2,Great Barrier Reef (GBR),-17.832374,146.821289,38,282,9799,65,Abundance GBR,10,cat,22,Derived from textual description,uncommon,expert_opinion,"","","","",
10369,1,5,149,Acropora robusta,2,Great Barrier Reef (GBR),-17.832374,146.821289,38,282,10046,65,Abundance GBR,10,cat,22,Derived from textual description,common,expert_opinion,"","","","",
10494,1,5,151,Acropora rosaria,2,Great Barrier Reef (GBR),-17.832374,146.821289,38,282,10168,65,Abundance GBR,10,cat,22,Derived from textual description,common,expert_opinion,"","","","",
10833,1,5,156,Acropora samoensis,2,Great Barrier Reef (GBR),-17.832374,146.821289,38,282,10497,65,Abundance GBR,10,cat,22,Derived from textual description,uncommon,expert_opinion,"","","","",
10918,1,5,157,Acropora sarmentosa,2,Great Barrier Reef (GBR),-17.832374,146.821289,38,282,10578,65,Abundance GBR,10,cat,22,Derived from textual description,common,expert_opinion,"","","","",
11120,1,5,160,Acropora secale,2,Great Barrier Reef (GBR),-17.832374,146.821289,38,282,10774,65,Abundance GBR,10,cat,22,Derived from textual description,common,expert_opinion,"","","","",
11261,1,5,162,Acropora selago,2,Great Barrier Reef (GBR),-17.832374,146.821289,38,282,10910,65,Abundance GBR,10,cat,22,Derived from textual description,common,expert_opinion,"","","","",
11486,1,5,165,Acropora solitaryensis,2,Great Barrier Reef (GBR),-17.832374,146.821289,38,282,11126,65,Abundance GBR,10,cat,22,Derived from textual description,rare,expert_opinion,"","","","",
12019,1,5,173,Acropora subglabra,2,Great Barrier Reef (GBR),-17.832374,146.821289,38,282,11643,65,Abundance GBR,10,cat,22,Derived from textual description,common,expert_opinion,"","","","",
12101,1,5,174,Acropora subulata,2,Great Barrier Reef (GBR),-17.832374,146.821289,38,282,11721,65,Abundance GBR,10,cat,22,Derived from textual description,common,expert_opinion,"","","","",
12471,1,5,180,Acropora tenuis,2,Great Barrier Reef (GBR),-17.832374,146.821289,38,282,12079,65,Abundance GBR,10,cat,22,Derived from textual description,uncommon,expert_opinion,"","","","",
12740,1,5,184,Acropora torihalimeda,2,Great Barrier Reef (GBR),-17.832374,146.821289,38,282,12341,65,Abundance GBR,10,cat,22,Derived from textual description,uncommon,expert_opinion,"","","","",
12810,1,5,185,Acropora torresiana,2,Great Barrier Reef (GBR),-17.832374,146.821289,38,282,12408,65,Abundance GBR,10,cat,22,Derived from textual description,rare,expert_opinion,"","","","",
12882,1,5,186,Acropora tortuosa,2,Great Barrier Reef (GBR),-17.832374,146.821289,38,282,12476,65,Abundance GBR,10,cat,22,Derived from textual description,rare,expert_opinion,"","","","",
13148,1,5,190,Acropora valenciennesi,2,Great Barrier Reef (GBR),-17.832374,146.821289,38,282,12735,65,Abundance GBR,10,cat,22,Derived from textual description,common,expert_opinion,"","","","",
13255,1,5,191,Acropora valida,2,Great Barrier Reef (GBR),-17.832374,146.821289,38,282,12837,65,Abundance GBR,10,cat,22,Derived from textual description,common,expert_opinion,"","","","",
13472,1,5,194,Acropora vaughani,2,Great Barrier Reef (GBR),-17.832374,146.821289,38,282,13047,65,Abundance GBR,10,cat,22,Derived from textual description,uncommon,expert_opinion,"","","","",
13611,1,5,196,Acropora verweyi,2,Great Barrier Reef (GBR),-17.832374,146.821289,38,282,13181,65,Abundance GBR,10,cat,22,Derived from textual description,common,expert_opinion,"","","","",
13830,1,5,199,Acropora willisae,2,Great Barrier Reef (GBR),-17.832374,146.821289,38,282,13391,65,Abundance GBR,10,cat,22,Derived from textual description,uncommon,expert_opinion,"","","","",
13911,1,5,200,Acropora yongei,2,Great Barrier Reef (GBR),-17.832374,146.821289,38,282,13470,65,Abundance GBR,10,cat,22,Derived from textual description,common,expert_opinion,"","","","",
14482,1,5,209,Alveopora allingi,2,Great Barrier Reef (GBR),-17.832374,146.821289,38,282,14028,65,Abundance GBR,10,cat,22,Derived from textual description,uncommon,expert_opinion,"","","","",
14547,1,5,210,Alveopora catalai,2,Great Barrier Reef (GBR),-17.832374,146.821289,38,282,14089,65,Abundance GBR,10,cat,22,Derived from textual description,uncommon,expert_opinion,"","","","",
14744,1,5,213,Alveopora fenestrata,2,Great Barrier Reef (GBR),-17.832374,146.821289,38,282,14280,65,Abundance GBR,10,cat,22,Derived from textual description,uncommon,expert_opinion,"","","","",
14813,1,5,214,Alveopora gigas,2,Great Barrier Reef (GBR),-17.832374,146.821289,38,282,14345,65,Abundance GBR,10,cat,22,Derived from textual description,uncommon,expert_opinion,"","","","",
14952,1,5,216,Alveopora marionensis,2,Great Barrier Reef (GBR),-17.832374,146.821289,38,282,14478,65,Abundance GBR,10,cat,22,Derived from textual description,rare,expert_opinion,"","","","",
15133,1,5,219,Alveopora spongiosa,2,Great Barrier Reef (GBR),-17.832374,146.821289,38,282,14652,65,Abundance GBR,10,cat,22,Derived from textual description,uncommon,expert_opinion,"","","","",
15202,1,5,220,Alveopora tizardi,2,Great Barrier Reef (GBR),-17.832374,146.821289,38,282,14717,65,Abundance GBR,10,cat,22,Derived from textual description,uncommon,expert_opinion,"","","","",
15269,1,5,221,Alveopora verrilliana,2,Great Barrier Reef (GBR),-17.832374,146.821289,38,282,14780,65,Abundance GBR,10,cat,22,Derived from textual description,uncommon,expert_opinion,"","","","",
15397,1,5,223,Anacropora forbesi,2,Great Barrier Reef (GBR),-17.832374,146.821289,38,282,14903,65,Abundance GBR,10,cat,22,Derived from textual description,uncommon,expert_opinion,"","","","",
15467,1,5,224,Anacropora matthai,2,Great Barrier Reef (GBR),-17.832374,146.821289,38,282,14969,65,Abundance GBR,10,cat,22,Derived from textual description,rare,expert_opinion,"","","","",
15599,1,5,226,Anacropora puertogalerae,2,Great Barrier Reef (GBR),-17.832374,146.821289,38,282,15097,65,Abundance GBR,10,cat,22,Derived from textual description,uncommon,expert_opinion,"","","","",
15669,1,5,227,Anacropora reticulata,2,Great Barrier Reef (GBR),-17.832374,146.821289,38,282,15163,65,Abundance GBR,10,cat,22,Derived from textual description,rare,expert_opinion,"","","","",
48395,1,5,974,Astrea annuligera,2,Great Barrier Reef (GBR),-17.832374,146.821289,38,282,46478,65,Abundance GBR,10,cat,22,Derived from textual description,uncommon,expert_opinion,"","","","",
48623,1,5,977,Astrea curta,2,Great Barrier Reef (GBR),-17.832374,146.821289,38,282,46694,65,Abundance GBR,10,cat,22,Derived from textual description,common,expert_opinion,"","","","",
16890,1,5,261,Astreopora cucullata,2,Great Barrier Reef (GBR),-17.832374,146.821289,38,282,16326,65,Abundance GBR,10,cat,22,Derived from textual description,rare,expert_opinion,"","","","",
16992,1,5,263,Astreopora expansa,2,Great Barrier Reef (GBR),-17.832374,146.821289,38,282,16425,65,Abundance GBR,10,cat,22,Derived from textual description,uncommon,expert_opinion,"","","","",
17099,1,5,265,Astreopora gracilis,2,Great Barrier Reef (GBR),-17.832374,146.821289,38,282,16526,65,Abundance GBR,10,cat,22,Derived from textual description,common,expert_opinion,"","","","",
17167,1,5,266,Astreopora incrustans,2,Great Barrier Reef (GBR),-17.832374,146.821289,38,282,16590,65,Abundance GBR,10,cat,22,Derived from textual description,rare,expert_opinion,"","","","",
17270,1,5,268,Astreopora listeri,2,Great Barrier Reef (GBR),-17.832374,146.821289,38,282,16689,65,Abundance GBR,10,cat,22,Derived from textual description,uncommon,expert_opinion,"","","","",
17400,1,5,270,Astreopora moretonensis,2,Great Barrier Reef (GBR),-17.832374,146.821289,38,282,16814,65,Abundance GBR,10,cat,22,Derived from textual description,rare,expert_opinion,"","","","",
17477,1,5,271,Astreopora myriophthalma,2,Great Barrier Reef (GBR),-17.832374,146.821289,38,282,16887,65,Abundance GBR,10,cat,22,Derived from textual description,common,expert_opinion,"","","","",
17545,1,5,272,Astreopora ocellata,2,Great Barrier Reef (GBR),-17.832374,146.821289,38,282,16951,65,Abundance GBR,10,cat,22,Derived from textual description,rare,expert_opinion,"","","","",
17673,1,5,274,Astreopora scabra,2,Great Barrier Reef (GBR),-17.832374,146.821289,38,282,17075,65,Abundance GBR,10,cat,22,Derived from textual description,uncommon,expert_opinion,"","","","",
17996,1,5,282,Australogyra zelli,2,Great Barrier Reef (GBR),-17.832374,146.821289,38,282,17383,65,Abundance GBR,10,cat,22,Derived from textual description,uncommon,expert_opinion,"","","","",
41184,1,5,828,Bernardpora stutchburyi,2,Great Barrier Reef (GBR),-17.832374,146.821289,38,282,39540,65,Abundance GBR,10,cat,22,Derived from textual description,uncommon,expert_opinion,"","","","",
20203,1,5,349,Blastomussa merleti,2,Great Barrier Reef (GBR),-17.832374,146.821289,38,282,19494,65,Abundance GBR,10,cat,22,Derived from textual description,uncommon,expert_opinion,"","","","",
20269,1,5,350,Blastomussa wellsi,2,Great Barrier Reef (GBR),-17.832374,146.821289,38,282,19556,65,Abundance GBR,10,cat,22,Derived from textual description,uncommon,expert_opinion,"","","","",
20602,1,5,357,Cantharellus noumeae,2,Great Barrier Reef (GBR),-17.832374,146.821289,38,282,19878,65,Abundance GBR,10,cat,22,Derived from textual description,rare,expert_opinion,"","","","",
22585,1,5,426,Catalaphyllia jardinei,2,Great Barrier Reef (GBR),-17.832374,146.821289,38,282,21760,65,Abundance GBR,10,cat,22,Derived from textual description,uncommon,expert_opinion,"","","","",
22713,1,5,428,Caulastraea curvata,2,Great Barrier Reef (GBR),-17.832374,146.821289,38,282,21883,65,Abundance GBR,10,cat,22,Derived from textual description,uncommon,expert_opinion,"","","","",
22778,1,5,429,Caulastraea echinulata,2,Great Barrier Reef (GBR),-17.832374,146.821289,38,282,21945,65,Abundance GBR,10,cat,22,Derived from textual description,uncommon,expert_opinion,"","","","",
22847,1,5,430,Caulastraea furcata,2,Great Barrier Reef (GBR),-17.832374,146.821289,38,282,22011,65,Abundance GBR,10,cat,22,Derived from textual description,common,expert_opinion,"","","","",
22913,1,5,431,Caulastraea tumida,2,Great Barrier Reef (GBR),-17.832374,146.821289,38,282,22073,65,Abundance GBR,10,cat,22,Derived from textual description,uncommon,expert_opinion,"","","","",
38880,1,5,794,Coelastrea aspera,2,Great Barrier Reef (GBR),-17.832374,146.821289,38,282,37327,65,Abundance GBR,10,cat,22,Derived from textual description,common,expert_opinion,"","","","",
39372,1,5,801,Coelastrea palauensis,2,Great Barrier Reef (GBR),-17.832374,146.821289,38,282,37800,65,Abundance GBR,10,cat,22,Derived from textual description,uncommon,expert_opinion,"","","","",
23460,1,5,445,Coeloseris mayeri,2,Great Barrier Reef (GBR),-17.832374,146.821289,38,282,22599,65,Abundance GBR,10,cat,22,Derived from textual description,uncommon,expert_opinion,"","","","",
24191,1,5,467,Coscinaraea columna,2,Great Barrier Reef (GBR),-17.832374,146.821289,38,282,23295,65,Abundance GBR,10,cat,22,Derived from textual description,common,expert_opinion,"","","","",
24257,1,5,468,Coscinaraea crassa,2,Great Barrier Reef (GBR),-17.832374,146.821289,38,282,23358,65,Abundance GBR,10,cat,22,Derived from textual description,rare,expert_opinion,"","","","",
24321,1,5,469,Coscinaraea exesa,2,Great Barrier Reef (GBR),-17.832374,146.821289,38,282,23419,65,Abundance GBR,10,cat,22,Derived from textual description,common,expert_opinion,"","","","",
24496,1,5,472,Coscinaraea mcneilli,2,Great Barrier Reef (GBR),-17.832374,146.821289,38,282,23588,65,Abundance GBR,10,cat,22,Derived from textual description,uncommon,expert_opinion,"","","","",
25151,1,5,490,Ctenactis albitentaculata,2,Great Barrier Reef (GBR),-17.832374,146.821289,38,282,24211,65,Abundance GBR,10,cat,22,Derived from textual description,common,expert_opinion,"","","","",
25223,1,5,491,Ctenactis crassa,2,Great Barrier Reef (GBR),-17.832374,146.821289,38,282,24280,65,Abundance GBR,10,cat,22,Derived from textual description,uncommon,expert_opinion,"","","","",
25293,1,5,492,Ctenactis echinata,2,Great Barrier Reef (GBR),-17.832374,146.821289,38,282,24347,65,Abundance GBR,10,cat,22,Derived from textual description,common,expert_opinion,"","","","",
35863,1,5,733,Cycloseris costulata,2,Great Barrier Reef (GBR),-17.832374,146.821289,38,282,34447,65,Abundance GBR,10,cat,22,Derived from textual description,rare,expert_opinion,"","","","",
35924,1,5,734,Cycloseris curvata,2,Great Barrier Reef (GBR),-17.832374,146.821289,38,282,34505,65,Abundance GBR,10,cat,22,Derived from textual description,uncommon,expert_opinion,"","","","",
35985,1,5,735,Cycloseris cyclolites,2,Great Barrier Reef (GBR),-17.832374,146.821289,38,282,34563,65,Abundance GBR,10,cat,22,Derived from textual description,common,expert_opinion,"","","","",
36105,1,5,737,Cycloseris distorta,2,Great Barrier Reef (GBR),-17.832374,146.821289,38,282,34678,65,Abundance GBR,10,cat,22,Derived from textual description,uncommon,expert_opinion,"","","","",
68469,1,5,1339,Cycloseris explanulata,2,Great Barrier Reef (GBR),-17.832374,146.821289,38,282,65846,65,Abundance GBR,10,cat,22,Derived from textual description,uncommon,expert_opinion,"","","","",
36166,1,5,514,Cycloseris fragilis,2,Great Barrier Reef (GBR),-17.832374,146.821289,38,282,34736,65,Abundance GBR,10,cat,22,Derived from textual description,uncommon,expert_opinion,"","","","",
45717,1,5,922,Cycloseris mokai,2,Great Barrier Reef (GBR),-17.832374,146.821289,38,282,43888,65,Abundance GBR,10,cat,22,Derived from textual description,uncommon,expert_opinion,"","","","",
37201,1,5,754,Cycloseris sinensis,2,Great Barrier Reef (GBR),-17.832374,146.821289,38,282,35732,65,Abundance GBR,10,cat,22,Derived from textual description,common,expert_opinion,"","","","",
37262,1,5,755,Cycloseris somervillei,2,Great Barrier Reef (GBR),-17.832374,146.821289,38,282,35790,65,Abundance GBR,10,cat,22,Derived from textual description,uncommon,expert_opinion,"","","","",
26042,1,5,513,Cycloseris tenuis,2,Great Barrier Reef (GBR),-17.832374,146.821289,38,282,25063,65,Abundance GBR,10,cat,22,Derived from textual description,rare,expert_opinion,"","","","",
37508,1,5,759,Cycloseris vaughani,2,Great Barrier Reef (GBR),-17.832374,146.821289,38,282,36028,65,Abundance GBR,10,cat,22,Derived from textual description,rare,expert_opinion,"","","","",
24624,1,5,474,Cycloseris wellsi,2,Great Barrier Reef (GBR),-17.832374,146.821289,38,282,23712,65,Abundance GBR,10,cat,22,Derived from textual description,uncommon,expert_opinion,"","","","",
26165,1,5,515,Cynarina lacrymalis,2,Great Barrier Reef (GBR),-17.832374,146.821289,38,282,25179,65,Abundance GBR,10,cat,22,Derived from textual description,uncommon,expert_opinion,"","","","",
26235,1,5,516,Cyphastrea agassizi,2,Great Barrier Reef (GBR),-17.832374,146.821289,38,282,25246,65,Abundance GBR,10,cat,22,Derived from textual description,uncommon,expert_opinion,"","","","",
26307,1,5,517,Cyphastrea chalcidicum,2,Great Barrier Reef (GBR),-17.832374,146.821289,38,282,25315,65,Abundance GBR,10,cat,22,Derived from textual description,common,expert_opinion,"","","","",
26373,1,5,518,Cyphastrea decadia,2,Great Barrier Reef (GBR),-17.832374,146.821289,38,282,25378,65,Abundance GBR,10,cat,22,Derived from textual description,uncommon,expert_opinion,"","","","",
26581,1,5,521,Cyphastrea microphthalma,2,Great Barrier Reef (GBR),-17.832374,146.821289,38,282,25576,65,Abundance GBR,10,cat,22,Derived from textual description,common,expert_opinion,"","","","",
26659,1,5,522,Cyphastrea ocellina,2,Great Barrier Reef (GBR),-17.832374,146.821289,38,282,25651,65,Abundance GBR,10,cat,22,Derived from textual description,rare,expert_opinion,"","","","",
26740,1,5,523,Cyphastrea serailia,2,Great Barrier Reef (GBR),-17.832374,146.821289,38,282,25726,65,Abundance GBR,10,cat,22,Derived from textual description,common,expert_opinion,"","","","",
36042,1,5,745,Danafungia horrida,2,Great Barrier Reef (GBR),-17.832374,146.821289,38,282,34618,65,Abundance GBR,10,cat,22,Derived from textual description,common,expert_opinion,"","","","",
35804,1,5,732,Danafungia scruposa,2,Great Barrier Reef (GBR),-17.832374,146.821289,38,282,34391,65,Abundance GBR,10,cat,22,Derived from textual description,uncommon,expert_opinion,"","","","",
28687,1,5,587,Diploastrea heliopora,2,Great Barrier Reef (GBR),-17.832374,146.821289,38,282,27574,65,Abundance GBR,10,cat,22,Derived from textual description,common,expert_opinion,"","","","",
19938,1,5,342,Dipsastraea amicorum,2,Great Barrier Reef (GBR),-17.832374,146.821289,38,282,19239,65,Abundance GBR,10,cat,22,Derived from textual description,uncommon,expert_opinion,"","","","",
31792,1,5,647,Dipsastraea danai,2,Great Barrier Reef (GBR),-17.832374,146.821289,38,282,30551,65,Abundance GBR,10,cat,22,Derived from textual description,uncommon,expert_opinion,"","","","",
31874,1,5,648,Dipsastraea favus,2,Great Barrier Reef (GBR),-17.832374,146.821289,38,282,30629,65,Abundance GBR,10,cat,22,Derived from textual description,common,expert_opinion,"","","","",
32060,1,5,651,Dipsastraea helianthoides,2,Great Barrier Reef (GBR),-17.832374,146.821289,38,282,30811,65,Abundance GBR,10,cat,22,Derived from textual description,common,expert_opinion,"","","","",
20005,1,5,343,Dipsastraea laddi,2,Great Barrier Reef (GBR),-17.832374,146.821289,38,282,19303,65,Abundance GBR,10,cat,22,Derived from textual description,rare,expert_opinion,"","","","",
32195,1,5,653,Dipsastraea laxa,2,Great Barrier Reef (GBR),-17.832374,146.821289,38,282,30942,65,Abundance GBR,10,cat,22,Derived from textual description,uncommon,expert_opinion,"","","","",
32324,1,5,655,Dipsastraea lizardensis,2,Great Barrier Reef (GBR),-17.832374,146.821289,38,282,31065,65,Abundance GBR,10,cat,22,Derived from textual description,uncommon,expert_opinion,"","","","",
32392,1,5,656,Dipsastraea maritima,2,Great Barrier Reef (GBR),-17.832374,146.821289,38,282,31130,65,Abundance GBR,10,cat,22,Derived from textual description,uncommon,expert_opinion,"","","","",
32529,1,5,658,Dipsastraea matthaii,2,Great Barrier Reef (GBR),-17.832374,146.821289,38,282,31261,65,Abundance GBR,10,cat,22,Derived from textual description,common,expert_opinion,"","","","",
32598,1,5,659,Dipsastraea maxima,2,Great Barrier Reef (GBR),-17.832374,146.821289,38,282,31326,65,Abundance GBR,10,cat,22,Derived from textual description,rare,expert_opinion,"","","","",
32681,1,5,660,Dipsastraea pallida,2,Great Barrier Reef (GBR),-17.832374,146.821289,38,282,31407,65,Abundance GBR,10,cat,22,Derived from textual description,common,expert_opinion,"","","","",
32750,1,5,661,Dipsastraea rosaria,2,Great Barrier Reef (GBR),-17.832374,146.821289,38,282,31473,65,Abundance GBR,10,cat,22,Derived from textual description,rare,expert_opinion,"","","","",
32817,1,5,662,Dipsastraea rotumana,2,Great Barrier Reef (GBR),-17.832374,146.821289,38,282,31537,65,Abundance GBR,10,cat,22,Derived from textual description,uncommon,expert_opinion,"","","","",
32965,1,5,664,Dipsastraea speciosa,2,Great Barrier Reef (GBR),-17.832374,146.821289,38,282,31679,65,Abundance GBR,10,cat,22,Derived from textual description,common,expert_opinion,"","","","",
33111,1,5,666,Dipsastraea truncata,2,Great Barrier Reef (GBR),-17.832374,146.821289,38,282,31820,65,Abundance GBR,10,cat,22,Derived from textual description,common,expert_opinion,"","","","",
33180,1,5,667,Dipsastraea veroni,2,Great Barrier Reef (GBR),-17.832374,146.821289,38,282,31886,65,Abundance GBR,10,cat,22,Derived from textual description,rare,expert_opinion,"","","","",
33247,1,5,668,Dipsastraea vietnamensis,2,Great Barrier Reef (GBR),-17.832374,146.821289,38,282,31950,65,Abundance GBR,10,cat,22,Derived from textual description,rare,expert_opinion,"","","","",
28963,1,5,591,Duncanopsammia axifuga,2,Great Barrier Reef (GBR),-17.832374,146.821289,38,282,27838,65,Abundance GBR,10,cat,22,Derived from textual description,rare,expert_opinion,"","","","",
76944,1,5,1546,Duncanopsammia peltata,2,Great Barrier Reef (GBR),-17.832374,146.821289,38,282,73941,65,Abundance GBR,10,cat,22,Derived from textual description,common,expert_opinion,"","","","",
29128,1,5,594,Echinophyllia aspera,2,Great Barrier Reef (GBR),-17.832374,146.821289,38,282,27997,65,Abundance GBR,10,cat,22,Derived from textual description,common,expert_opinion,"","","","",
29254,1,5,596,Echinophyllia echinata,2,Great Barrier Reef (GBR),-17.832374,146.821289,38,282,28118,65,Abundance GBR,10,cat,22,Derived from textual description,rare,expert_opinion,"","","","",
29319,1,5,597,Echinophyllia echinoporoides,2,Great Barrier Reef (GBR),-17.832374,146.821289,38,282,28179,65,Abundance GBR,10,cat,22,Derived from textual description,uncommon,expert_opinion,"","","","",
29419,1,5,599,Echinophyllia orpheensis,2,Great Barrier Reef (GBR),-17.832374,146.821289,38,282,28276,65,Abundance GBR,10,cat,22,Derived from textual description,uncommon,expert_opinion,"","","","",
29843,1,5,606,Echinopora gemmacea,2,Great Barrier Reef (GBR),-17.832374,146.821289,38,282,28688,65,Abundance GBR,10,cat,22,Derived from textual description,uncommon,expert_opinion,"","","","",
29935,1,5,608,Echinopora hirsutissima,2,Great Barrier Reef (GBR),-17.832374,146.821289,38,282,28776,65,Abundance GBR,10,cat,22,Derived from textual description,uncommon,expert_opinion,"","","","",
30005,1,5,609,Echinopora horrida,2,Great Barrier Reef (GBR),-17.832374,146.821289,38,282,28843,65,Abundance GBR,10,cat,22,Derived from textual description,uncommon,expert_opinion,"","","","",
30143,1,5,611,Echinopora lamellosa,2,Great Barrier Reef (GBR),-17.832374,146.821289,38,282,28974,65,Abundance GBR,10,cat,22,Derived from textual description,common,expert_opinion,"","","","",
30212,1,5,612,Echinopora mammiformis,2,Great Barrier Reef (GBR),-17.832374,146.821289,38,282,29039,65,Abundance GBR,10,cat,22,Derived from textual description,common,expert_opinion,"","","","",
30281,1,5,613,Echinopora pacificus,2,Great Barrier Reef (GBR),-17.832374,146.821289,38,282,29105,65,Abundance GBR,10,cat,22,Derived from textual description,uncommon,expert_opinion,"","","","",
31086,1,5,635,Euphyllia ancora,2,Great Barrier Reef (GBR),-17.832374,146.821289,38,282,29871,65,Abundance GBR,10,cat,22,Derived from textual description,uncommon,expert_opinion,"","","","",
31151,1,5,636,Euphyllia cristata,2,Great Barrier Reef (GBR),-17.832374,146.821289,38,282,29932,65,Abundance GBR,10,cat,22,Derived from textual description,uncommon,expert_opinion,"","","","",
31222,1,5,637,Euphyllia divisa,2,Great Barrier Reef (GBR),-17.832374,146.821289,38,282,30000,65,Abundance GBR,10,cat,22,Derived from textual description,uncommon,expert_opinion,"","","","",
31326,1,5,639,Euphyllia glabrescens,2,Great Barrier Reef (GBR),-17.832374,146.821289,38,282,30100,65,Abundance GBR,10,cat,22,Derived from textual description,uncommon,expert_opinion,"","","","",
31568,1,5,643,Euphyllia yaeyamaensis,2,Great Barrier Reef (GBR),-17.832374,146.821289,38,282,30335,65,Abundance GBR,10,cat,22,Derived from textual description,uncommon,expert_opinion,"","","","",
33354,1,5,670,Favites abdita,2,Great Barrier Reef (GBR),-17.832374,146.821289,38,282,32053,65,Abundance GBR,10,cat,22,Derived from textual description,common,expert_opinion,"","","","",
33546,1,5,673,Favites chinensis,2,Great Barrier Reef (GBR),-17.832374,146.821289,38,282,32238,65,Abundance GBR,10,cat,22,Derived from textual description,uncommon,expert_opinion,"","","","",
48544,1,5,976,Favites colemani,2,Great Barrier Reef (GBR),-17.832374,146.821289,38,282,46620,65,Abundance GBR,10,cat,22,Derived from textual description,common,expert_opinion,"","","","",
33621,1,5,674,Favites complanata,2,Great Barrier Reef (GBR),-17.832374,146.821289,38,282,32309,65,Abundance GBR,10,cat,22,Derived from textual description,common,expert_opinion,"","","","",
33693,1,5,675,Favites flexuosa,2,Great Barrier Reef (GBR),-17.832374,146.821289,38,282,32377,65,Abundance GBR,10,cat,22,Derived from textual description,common,expert_opinion,"","","","",
33767,1,5,676,Favites halicora,2,Great Barrier Reef (GBR),-17.832374,146.821289,38,282,32448,65,Abundance GBR,10,cat,22,Derived from textual description,uncommon,expert_opinion,"","","","",
48802,1,5,980,Favites magnistellata,2,Great Barrier Reef (GBR),-17.832374,146.821289,38,282,46869,65,Abundance GBR,10,cat,22,Derived from textual description,uncommon,expert_opinion,"","","","",
33970,1,5,679,Favites pentagona,2,Great Barrier Reef (GBR),-17.832374,146.821289,38,282,32643,65,Abundance GBR,10,cat,22,Derived from textual description,common,expert_opinion,"","","","",
32887,1,5,663,Favites rotundata,2,Great Barrier Reef (GBR),-17.832374,146.821289,38,282,31603,65,Abundance GBR,10,cat,22,Derived from textual description,common,expert_opinion,"","","","",
49057,1,5,984,Favites valenciennesi,2,Great Barrier Reef (GBR),-17.832374,146.821289,38,282,47112,65,Abundance GBR,10,cat,22,Derived from textual description,uncommon,expert_opinion,"","","","",
36296,1,5,740,Fungia fungites,2,Great Barrier Reef (GBR),-17.832374,146.821289,38,282,34862,65,Abundance GBR,10,cat,22,Derived from textual description,common,expert_opinion,"","","","",
38193,1,5,781,Galaxea acrhelia,2,Great Barrier Reef (GBR),-17.832374,146.821289,38,282,36674,65,Abundance GBR,10,cat,22,Derived from textual description,uncommon,expert_opinion,"","","","",
38263,1,5,782,Galaxea astreata,2,Great Barrier Reef (GBR),-17.832374,146.821289,38,282,36740,65,Abundance GBR,10,cat,22,Derived from textual description,common,expert_opinion,"","","","",
38400,1,5,784,Galaxea fascicularis,2,Great Barrier Reef (GBR),-17.832374,146.821289,38,282,36872,65,Abundance GBR,10,cat,22,Derived from textual description,common,expert_opinion,"","","","",
38467,1,5,785,Galaxea horrescens,2,Great Barrier Reef (GBR),-17.832374,146.821289,38,282,36937,65,Abundance GBR,10,cat,22,Derived from textual description,uncommon,expert_opinion,"","","","",
38525,1,5,786,Galaxea longisepta,2,Great Barrier Reef (GBR),-17.832374,146.821289,38,282,36992,65,Abundance GBR,10,cat,22,Derived from textual description,rare,expert_opinion,"","","","",
38796,1,5,793,Gardineroseris planulata,2,Great Barrier Reef (GBR),-17.832374,146.821289,38,282,37249,65,Abundance GBR,10,cat,22,Derived from textual description,uncommon,expert_opinion,"","","","",
39156,1,5,798,Goniastrea edwardsi,2,Great Barrier Reef (GBR),-17.832374,146.821289,38,282,37594,65,Abundance GBR,10,cat,22,Derived from textual description,common,expert_opinion,"","","","",
39237,1,5,799,Goniastrea favulus,2,Great Barrier Reef (GBR),-17.832374,146.821289,38,282,37671,65,Abundance GBR,10,cat,22,Derived from textual description,uncommon,expert_opinion,"","","","",
39444,1,5,802,Goniastrea pectinata,2,Great Barrier Reef (GBR),-17.832374,146.821289,38,282,37869,65,Abundance GBR,10,cat,22,Derived from textual description,common,expert_opinion,"","","","",
39648,1,5,805,Goniastrea retiformis,2,Great Barrier Reef (GBR),-17.832374,146.821289,38,282,38069,65,Abundance GBR,10,cat,22,Derived from textual description,common,expert_opinion,"","","","",
33038,1,5,665,Goniastrea stelligera,2,Great Barrier Reef (GBR),-17.832374,146.821289,38,282,31751,65,Abundance GBR,10,cat,22,Derived from textual description,common,expert_opinion,"","","","",
40074,1,5,812,Goniopora columna,2,Great Barrier Reef (GBR),-17.832374,146.821289,38,282,38483,65,Abundance GBR,10,cat,22,Derived from textual description,common,expert_opinion,"","","","",
40145,1,5,813,Goniopora djiboutiensis,2,Great Barrier Reef (GBR),-17.832374,146.821289,38,282,38551,65,Abundance GBR,10,cat,22,Derived from textual description,common,expert_opinion,"","","","",
40214,1,5,814,Goniopora eclipsensis,2,Great Barrier Reef (GBR),-17.832374,146.821289,38,282,38616,65,Abundance GBR,10,cat,22,Derived from textual description,uncommon,expert_opinion,"","","","",
40282,1,5,815,Goniopora fruticosa,2,Great Barrier Reef (GBR),-17.832374,146.821289,38,282,38680,65,Abundance GBR,10,cat,22,Derived from textual description,uncommon,expert_opinion,"","","","",
40358,1,5,816,Goniopora lobata,2,Great Barrier Reef (GBR),-17.832374,146.821289,38,282,38752,65,Abundance GBR,10,cat,22,Derived from textual description,common,expert_opinion,"","","","",
40431,1,5,817,Goniopora minor,2,Great Barrier Reef (GBR),-17.832374,146.821289,38,282,38821,65,Abundance GBR,10,cat,22,Derived from textual description,common,expert_opinion,"","","","",
40503,1,5,818,Goniopora norfolkensis,2,Great Barrier Reef (GBR),-17.832374,146.821289,38,282,38889,65,Abundance GBR,10,cat,22,Derived from textual description,uncommon,expert_opinion,"","","","",
40573,1,5,819,Goniopora palmensis,2,Great Barrier Reef (GBR),-17.832374,146.821289,38,282,38955,65,Abundance GBR,10,cat,22,Derived from textual description,common,expert_opinion,"","","","",
40642,1,5,820,Goniopora pandoraensis,2,Great Barrier Reef (GBR),-17.832374,146.821289,38,282,39020,65,Abundance GBR,10,cat,22,Derived from textual description,uncommon,expert_opinion,"","","","",
40775,1,5,822,Goniopora pendulus,2,Great Barrier Reef (GBR),-17.832374,146.821289,38,282,39147,65,Abundance GBR,10,cat,22,Derived from textual description,uncommon,expert_opinion,"","","","",
41042,1,5,826,Goniopora somaliensis,2,Great Barrier Reef (GBR),-17.832374,146.821289,38,282,39406,65,Abundance GBR,10,cat,22,Derived from textual description,uncommon,expert_opinion,"","","","",
41111,1,5,827,Goniopora stokesi,2,Great Barrier Reef (GBR),-17.832374,146.821289,38,282,39471,65,Abundance GBR,10,cat,22,Derived from textual description,uncommon,expert_opinion,"","","","",
41386,1,5,831,Goniopora tenuidens,2,Great Barrier Reef (GBR),-17.832374,146.821289,38,282,39734,65,Abundance GBR,10,cat,22,Derived from textual description,common,expert_opinion,"","","","",
41655,1,5,836,Halomitra pileus,2,Great Barrier Reef (GBR),-17.832374,146.821289,38,282,39997,65,Abundance GBR,10,cat,22,Derived from textual description,uncommon,expert_opinion,"","","","",
41726,1,5,837,Heliofungia actiniformis,2,Great Barrier Reef (GBR),-17.832374,146.821289,38,282,40065,65,Abundance GBR,10,cat,22,Derived from textual description,common,expert_opinion,"","","","",
41845,1,5,1374,Herpolitha limax,2,Great Barrier Reef (GBR),-17.832374,146.821289,38,282,40180,65,Abundance GBR,10,cat,22,Derived from textual description,common,expert_opinion,"","","","",
41958,1,5,841,Heterocyathus aequicostatus,2,Great Barrier Reef (GBR),-17.832374,146.821289,38,282,40290,65,Abundance GBR,10,cat,22,Derived from textual description,uncommon,expert_opinion,"","","","",
42159,1,5,846,Heteropsammia cochlea,2,Great Barrier Reef (GBR),-17.832374,146.821289,38,282,40481,65,Abundance GBR,10,cat,22,Derived from textual description,uncommon,expert_opinion,"","","","",
70301,1,5,1381,Homophyllia australis,2,Great Barrier Reef (GBR),-17.832374,146.821289,38,282,67601,65,Abundance GBR,10,cat,22,Derived from textual description,uncommon,expert_opinion,"","","","",
71,1,5,2,Homophyllia bowerbanki,2,Great Barrier Reef (GBR),-17.832374,146.821289,38,282,68,65,Abundance GBR,10,cat,22,Derived from textual description,rare,expert_opinion,"","","","",
411,1,5,7,Homophyllia hillae,2,Great Barrier Reef (GBR),-17.832374,146.821289,38,282,393,65,Abundance GBR,10,cat,22,Derived from textual description,uncommon,expert_opinion,"","","","",
42498,1,5,853,Hydnophora exesa,2,Great Barrier Reef (GBR),-17.832374,146.821289,38,282,40808,65,Abundance GBR,10,cat,22,Derived from textual description,common,expert_opinion,"","","","",
42565,1,5,854,Hydnophora grandis,2,Great Barrier Reef (GBR),-17.832374,146.821289,38,282,40872,65,Abundance GBR,10,cat,22,Derived from textual description,uncommon,expert_opinion,"","","","",
42635,1,5,855,Hydnophora microconos,2,Great Barrier Reef (GBR),-17.832374,146.821289,38,282,40938,65,Abundance GBR,10,cat,22,Derived from textual description,uncommon,expert_opinion,"","","","",
42705,1,5,856,Hydnophora pilosa,2,Great Barrier Reef (GBR),-17.832374,146.821289,38,282,41005,65,Abundance GBR,10,cat,22,Derived from textual description,uncommon,expert_opinion,"","","","",
42777,1,5,857,Hydnophora rigida,2,Great Barrier Reef (GBR),-17.832374,146.821289,38,282,41075,65,Abundance GBR,10,cat,22,Derived from textual description,common,expert_opinion,"","","","",
2075,1,5,31,Isopora brueggemanni,2,Great Barrier Reef (GBR),-17.832374,146.821289,38,282,1997,65,Abundance GBR,10,cat,22,Derived from textual description,common,expert_opinion,"","","","",
3086,1,5,44,Isopora cuneata,2,Great Barrier Reef (GBR),-17.832374,146.821289,38,282,2976,65,Abundance GBR,10,cat,22,Derived from textual description,common,expert_opinion,"","","","",
4126,1,5,58,Isopora elizabethensis,2,Great Barrier Reef (GBR),-17.832374,146.821289,38,282,3984,65,Abundance GBR,10,cat,22,Derived from textual description,common,expert_opinion,"","","","",
8693,1,5,123,Isopora palifera,2,Great Barrier Reef (GBR),-17.832374,146.821289,38,282,8419,65,Abundance GBR,10,cat,22,Derived from textual description,common,expert_opinion,"","","","",
43596,1,5,879,Leptastrea bewickensis,2,Great Barrier Reef (GBR),-17.832374,146.821289,38,282,41856,65,Abundance GBR,10,cat,22,Derived from textual description,rare,expert_opinion,"","","","",
43728,1,5,881,Leptastrea inaequalis,2,Great Barrier Reef (GBR),-17.832374,146.821289,38,282,41983,65,Abundance GBR,10,cat,22,Derived from textual description,uncommon,expert_opinion,"","","","",
43795,1,5,882,Leptastrea pruinosa,2,Great Barrier Reef (GBR),-17.832374,146.821289,38,282,42047,65,Abundance GBR,10,cat,22,Derived from textual description,uncommon,expert_opinion,"","","","",
43869,1,5,883,Leptastrea purpurea,2,Great Barrier Reef (GBR),-17.832374,146.821289,38,282,42117,65,Abundance GBR,10,cat,22,Derived from textual description,common,expert_opinion,"","","","",
43943,1,5,884,Leptastrea transversa,2,Great Barrier Reef (GBR),-17.832374,146.821289,38,282,42187,65,Abundance GBR,10,cat,22,Derived from textual description,uncommon,expert_opinion,"","","","",
44435,1,5,899,Leptoria irregularis,2,Great Barrier Reef (GBR),-17.832374,146.821289,38,282,42654,65,Abundance GBR,10,cat,22,Derived from textual description,uncommon,expert_opinion,"","","","",
44508,1,5,900,Leptoria phrygia,2,Great Barrier Reef (GBR),-17.832374,146.821289,38,282,42724,65,Abundance GBR,10,cat,22,Derived from textual description,common,expert_opinion,"","","","",
44741,1,5,904,Leptoseris explanata,2,Great Barrier Reef (GBR),-17.832374,146.821289,38,282,42952,65,Abundance GBR,10,cat,22,Derived from textual description,uncommon,expert_opinion,"","","","",
44806,1,5,905,Leptoseris foliosa,2,Great Barrier Reef (GBR),-17.832374,146.821289,38,282,43014,65,Abundance GBR,10,cat,22,Derived from textual description,uncommon,expert_opinion,"","","","",
44870,1,5,906,Leptoseris gardineri,2,Great Barrier Reef (GBR),-17.832374,146.821289,38,282,43075,65,Abundance GBR,10,cat,22,Derived from textual description,uncommon,expert_opinion,"","","","",
44935,1,5,907,Leptoseris hawaiiensis,2,Great Barrier Reef (GBR),-17.832374,146.821289,38,282,43137,65,Abundance GBR,10,cat,22,Derived from textual description,uncommon,expert_opinion,"","","","",
44999,1,5,908,Leptoseris incrustans,2,Great Barrier Reef (GBR),-17.832374,146.821289,38,282,43198,65,Abundance GBR,10,cat,22,Derived from textual description,uncommon,expert_opinion,"","","","",
45064,1,5,909,Leptoseris mycetoseroides,2,Great Barrier Reef (GBR),-17.832374,146.821289,38,282,43260,65,Abundance GBR,10,cat,22,Derived from textual description,common,expert_opinion,"","","","",
45129,1,5,910,Leptoseris papyracea,2,Great Barrier Reef (GBR),-17.832374,146.821289,38,282,43322,65,Abundance GBR,10,cat,22,Derived from textual description,uncommon,expert_opinion,"","","","",
45197,1,5,911,Leptoseris scabra,2,Great Barrier Reef (GBR),-17.832374,146.821289,38,282,43387,65,Abundance GBR,10,cat,22,Derived from textual description,uncommon,expert_opinion,"","","","",
45263,1,5,912,Leptoseris solida,2,Great Barrier Reef (GBR),-17.832374,146.821289,38,282,43450,65,Abundance GBR,10,cat,22,Derived from textual description,uncommon,expert_opinion,"","","","",
45479,1,5,916,Leptoseris yabei,2,Great Barrier Reef (GBR),-17.832374,146.821289,38,282,43661,65,Abundance GBR,10,cat,22,Derived from textual description,uncommon,expert_opinion,"","","","",
35738,1,5,731,Lithophyllon concinna,2,Great Barrier Reef (GBR),-17.832374,146.821289,38,282,34328,65,Abundance GBR,10,cat,22,Derived from textual description,common,expert_opinion,"","","","",
36861,1,5,749,Lithophyllon repanda,2,Great Barrier Reef (GBR),-17.832374,146.821289,38,282,35405,65,Abundance GBR,10,cat,22,Derived from textual description,common,expert_opinion,"","","","",
36929,1,5,750,Lithophyllon scabra,2,Great Barrier Reef (GBR),-17.832374,146.821289,38,282,35470,65,Abundance GBR,10,cat,22,Derived from textual description,rare,expert_opinion,"","","","",
37071,1,5,752,Lobactis scutaria,2,Great Barrier Reef (GBR),-17.832374,146.821289,38,282,35606,65,Abundance GBR,10,cat,22,Derived from textual description,common,expert_opinion,"","","","",
45893,1,5,925,Lobophyllia corymbosa,2,Great Barrier Reef (GBR),-17.832374,146.821289,38,282,44060,65,Abundance GBR,10,cat,22,Derived from textual description,common,expert_opinion,"","","","",
46053,1,5,928,Lobophyllia diminuta,2,Great Barrier Reef (GBR),-17.832374,146.821289,38,282,44215,65,Abundance GBR,10,cat,22,Derived from textual description,uncommon,expert_opinion,"","","","",
46119,1,5,929,Lobophyllia flabelliformis,2,Great Barrier Reef (GBR),-17.832374,146.821289,38,282,44277,65,Abundance GBR,10,cat,22,Derived from textual description,uncommon,expert_opinion,"","","","",
46186,1,5,930,Lobophyllia hataii,2,Great Barrier Reef (GBR),-17.832374,146.821289,38,282,44341,65,Abundance GBR,10,cat,22,Derived from textual description,uncommon,expert_opinion,"","","","",
46266,1,5,931,Lobophyllia hemprichii,2,Great Barrier Reef (GBR),-17.832374,146.821289,38,282,44417,65,Abundance GBR,10,cat,22,Derived from textual description,common,expert_opinion,"","","","",
46338,1,5,932,Lobophyllia pachysepta,2,Great Barrier Reef (GBR),-17.832374,146.821289,38,282,44485,65,Abundance GBR,10,cat,22,Derived from textual description,uncommon,expert_opinion,"","","","",
46404,1,5,933,Lobophyllia robusta,2,Great Barrier Reef (GBR),-17.832374,146.821289,38,282,44548,65,Abundance GBR,10,cat,22,Derived from textual description,uncommon,expert_opinion,"","","","",
47061,1,5,948,Madracis kirbyi,2,Great Barrier Reef (GBR),-17.832374,146.821289,38,282,45186,65,Abundance GBR,10,cat,22,Derived from textual description,rare,expert_opinion,"","","","",
47850,1,5,965,Merulina ampliata,2,Great Barrier Reef (GBR),-17.832374,146.821289,38,282,45951,65,Abundance GBR,10,cat,22,Derived from textual description,common,expert_opinion,"","","","",
47919,1,5,966,Merulina scabricula,2,Great Barrier Reef (GBR),-17.832374,146.821289,38,282,46017,65,Abundance GBR,10,cat,22,Derived from textual description,common,expert_opinion,"","","","",
57354,1,5,1120,Merulina triangularis,2,Great Barrier Reef (GBR),-17.832374,146.821289,38,282,55125,65,Abundance GBR,10,cat,22,Derived from textual description,uncommon,expert_opinion,"","","","",
48051,1,5,968,Micromussa amakusensis,2,Great Barrier Reef (GBR),-17.832374,146.821289,38,282,46145,65,Abundance GBR,10,cat,22,Derived from textual description,uncommon,expert_opinion,"","","","",
550,1,5,9,Micromussa lordhowensis,2,Great Barrier Reef (GBR),-17.832374,146.821289,38,282,527,65,Abundance GBR,10,cat,22,Derived from textual description,common,expert_opinion,"","","","",
49195,1,5,986,Montipora aequituberculata,2,Great Barrier Reef (GBR),-17.832374,146.821289,38,282,47244,65,Abundance GBR,10,cat,22,Derived from textual description,common,expert_opinion,"","","","",
49332,1,5,988,Montipora angulata,2,Great Barrier Reef (GBR),-17.832374,146.821289,38,282,47376,65,Abundance GBR,10,cat,22,Derived from textual description,rare,expert_opinion,"","","","",
49457,1,5,990,Montipora australiensis,2,Great Barrier Reef (GBR),-17.832374,146.821289,38,282,47497,65,Abundance GBR,10,cat,22,Derived from textual description,rare,expert_opinion,"","","","",
49658,1,5,993,Montipora caliculata,2,Great Barrier Reef (GBR),-17.832374,146.821289,38,282,47692,65,Abundance GBR,10,cat,22,Derived from textual description,uncommon,expert_opinion,"","","","",
49729,1,5,994,Montipora capitata,2,Great Barrier Reef (GBR),-17.832374,146.821289,38,282,47760,65,Abundance GBR,10,cat,22,Derived from textual description,uncommon,expert_opinion,"","","","",
49804,1,5,995,Montipora capricornis,2,Great Barrier Reef (GBR),-17.832374,146.821289,38,282,47832,65,Abundance GBR,10,cat,22,Derived from textual description,common,expert_opinion,"","","","",
49872,1,5,996,Montipora cebuensis,2,Great Barrier Reef (GBR),-17.832374,146.821289,38,282,47897,65,Abundance GBR,10,cat,22,Derived from textual description,uncommon,expert_opinion,"","","","",
50069,1,5,999,Montipora confusa,2,Great Barrier Reef (GBR),-17.832374,146.821289,38,282,48089,65,Abundance GBR,10,cat,22,Derived from textual description,uncommon,expert_opinion,"","","","",
50137,1,5,1000,Montipora corbettensis,2,Great Barrier Reef (GBR),-17.832374,146.821289,38,282,48154,65,Abundance GBR,10,cat,22,Derived from textual description,uncommon,expert_opinion,"","","","",
50209,1,5,1001,Montipora crassituberculata,2,Great Barrier Reef (GBR),-17.832374,146.821289,38,282,48222,65,Abundance GBR,10,cat,22,Derived from textual description,uncommon,expert_opinion,"","","","",
50347,1,5,1003,Montipora danae,2,Great Barrier Reef (GBR),-17.832374,146.821289,38,282,48355,65,Abundance GBR,10,cat,22,Derived from textual description,common,expert_opinion,"","","","",
50491,1,5,1005,Montipora digitata,2,Great Barrier Reef (GBR),-17.832374,146.821289,38,282,48496,65,Abundance GBR,10,cat,22,Derived from textual description,common,expert_opinion,"","","","",
50720,1,5,1009,Montipora efflorescens,2,Great Barrier Reef (GBR),-17.832374,146.821289,38,282,48719,65,Abundance GBR,10,cat,22,Derived from textual description,common,expert_opinion,"","","","",
50794,1,5,1010,Montipora effusa,2,Great Barrier Reef (GBR),-17.832374,146.821289,38,282,48790,65,Abundance GBR,10,cat,22,Derived from textual description,uncommon,expert_opinion,"","","","",
50994,1,5,1013,Montipora floweri,2,Great Barrier Reef (GBR),-17.832374,146.821289,38,282,48984,65,Abundance GBR,10,cat,22,Derived from textual description,uncommon,expert_opinion,"","","","",
51070,1,5,1014,Montipora foliosa,2,Great Barrier Reef (GBR),-17.832374,146.821289,38,282,49057,65,Abundance GBR,10,cat,22,Derived from textual description,common,expert_opinion,"","","","",
51144,1,5,1015,Montipora foveolata,2,Great Barrier Reef (GBR),-17.832374,146.821289,38,282,49127,65,Abundance GBR,10,cat,22,Derived from textual description,uncommon,expert_opinion,"","","","",
51380,1,5,1019,Montipora grisea,2,Great Barrier Reef (GBR),-17.832374,146.821289,38,282,49357,65,Abundance GBR,10,cat,22,Derived from textual description,common,expert_opinion,"","","","",
51581,1,5,1022,Montipora hispida,2,Great Barrier Reef (GBR),-17.832374,146.821289,38,282,49552,65,Abundance GBR,10,cat,22,Derived from textual description,common,expert_opinion,"","","","",
51719,1,5,1024,Montipora hoffmeisteri,2,Great Barrier Reef (GBR),-17.832374,146.821289,38,282,49685,65,Abundance GBR,10,cat,22,Derived from textual description,common,expert_opinion,"","","","",
51795,1,5,1025,Montipora incrassata,2,Great Barrier Reef (GBR),-17.832374,146.821289,38,282,49757,65,Abundance GBR,10,cat,22,Derived from textual description,uncommon,expert_opinion,"","","","",
51868,1,5,1026,Montipora informis,2,Great Barrier Reef (GBR),-17.832374,146.821289,38,282,49826,65,Abundance GBR,10,cat,22,Derived from textual description,common,expert_opinion,"","","","",
52260,1,5,1032,Montipora millepora,2,Great Barrier Reef (GBR),-17.832374,146.821289,38,282,50209,65,Abundance GBR,10,cat,22,Derived from textual description,common,expert_opinion,"","","","",
52333,1,5,1033,Montipora mollis,2,Great Barrier Reef (GBR),-17.832374,146.821289,38,282,50278,65,Abundance GBR,10,cat,22,Derived from textual description,common,expert_opinion,"","","","",
52407,1,5,1034,Montipora monasteriata,2,Great Barrier Reef (GBR),-17.832374,146.821289,38,282,50348,65,Abundance GBR,10,cat,22,Derived from textual description,common,expert_opinion,"","","","",
52541,1,5,1036,Montipora nodosa,2,Great Barrier Reef (GBR),-17.832374,146.821289,38,282,50477,65,Abundance GBR,10,cat,22,Derived from textual description,uncommon,expert_opinion,"","","","",
52868,1,5,1041,Montipora peltiformis,2,Great Barrier Reef (GBR),-17.832374,146.821289,38,282,50797,65,Abundance GBR,10,cat,22,Derived from textual description,uncommon,expert_opinion,"","","","",
53002,1,5,1043,Montipora samarensis,2,Great Barrier Reef (GBR),-17.832374,146.821289,38,282,50927,65,Abundance GBR,10,cat,22,Derived from textual description,common,expert_opinion,"","","","",
53303,1,5,1048,Montipora spongodes,2,Great Barrier Reef (GBR),-17.832374,146.821289,38,282,51221,65,Abundance GBR,10,cat,22,Derived from textual description,uncommon,expert_opinion,"","","","",
53380,1,5,1049,Montipora spumosa,2,Great Barrier Reef (GBR),-17.832374,146.821289,38,282,51294,65,Abundance GBR,10,cat,22,Derived from textual description,common,expert_opinion,"","","","",
53454,1,5,1050,Montipora stellata,2,Great Barrier Reef (GBR),-17.832374,146.821289,38,282,51364,65,Abundance GBR,10,cat,22,Derived from textual description,common,expert_opinion,"","","","",
53728,1,5,1055,Montipora tuberculosa,2,Great Barrier Reef (GBR),-17.832374,146.821289,38,282,51631,65,Abundance GBR,10,cat,22,Derived from textual description,common,expert_opinion,"","","","",
53803,1,5,1056,Montipora turgescens,2,Great Barrier Reef (GBR),-17.832374,146.821289,38,282,51702,65,Abundance GBR,10,cat,22,Derived from textual description,common,expert_opinion,"","","","",
53877,1,5,1057,Montipora turtlensis,2,Great Barrier Reef (GBR),-17.832374,146.821289,38,282,51772,65,Abundance GBR,10,cat,22,Derived from textual description,common,expert_opinion,"","","","",
53949,1,5,1058,Montipora undata,2,Great Barrier Reef (GBR),-17.832374,146.821289,38,282,51841,65,Abundance GBR,10,cat,22,Derived from textual description,common,expert_opinion,"","","","",
54056,1,5,1060,Montipora venosa,2,Great Barrier Reef (GBR),-17.832374,146.821289,38,282,51944,65,Abundance GBR,10,cat,22,Derived from textual description,uncommon,expert_opinion,"","","","",
54173,1,5,1062,Montipora verrucosa,2,Great Barrier Reef (GBR),-17.832374,146.821289,38,282,52057,65,Abundance GBR,10,cat,22,Derived from textual description,common,expert_opinion,"","","","",
54376,1,5,1065,Moseleya latistellata,2,Great Barrier Reef (GBR),-17.832374,146.821289,38,282,52255,65,Abundance GBR,10,cat,22,Derived from textual description,uncommon,expert_opinion,"","","","",
54713,1,5,1070,Mycedium elephantotus,2,Great Barrier Reef (GBR),-17.832374,146.821289,38,282,52579,65,Abundance GBR,10,cat,22,Derived from textual description,common,expert_opinion,"","","","",
54780,1,5,1071,Mycedium mancaoi,2,Great Barrier Reef (GBR),-17.832374,146.821289,38,282,52642,65,Abundance GBR,10,cat,22,Derived from textual description,uncommon,expert_opinion,"","","","",
56253,1,5,1101,Oulastrea crispata,2,Great Barrier Reef (GBR),-17.832374,146.821289,38,282,54062,65,Abundance GBR,10,cat,22,Derived from textual description,uncommon,expert_opinion,"","","","",
56323,1,5,1102,Oulophyllia bennettae,2,Great Barrier Reef (GBR),-17.832374,146.821289,38,282,54129,65,Abundance GBR,10,cat,22,Derived from textual description,uncommon,expert_opinion,"","","","",
56394,1,5,1103,Oulophyllia crispa,2,Great Barrier Reef (GBR),-17.832374,146.821289,38,282,54196,65,Abundance GBR,10,cat,22,Derived from textual description,uncommon,expert_opinion,"","","","",
56701,1,5,1108,Oxypora glabra,2,Great Barrier Reef (GBR),-17.832374,146.821289,38,282,54496,65,Abundance GBR,10,cat,22,Derived from textual description,common,expert_opinion,"","","","",
56770,1,5,1109,Oxypora lacera,2,Great Barrier Reef (GBR),-17.832374,146.821289,38,282,54562,65,Abundance GBR,10,cat,22,Derived from textual description,common,expert_opinion,"","","","",
57137,1,5,1117,Pachyseris rugosa,2,Great Barrier Reef (GBR),-17.832374,146.821289,38,282,54917,65,Abundance GBR,10,cat,22,Derived from textual description,common,expert_opinion,"","","","",
57212,1,5,1118,Pachyseris speciosa,2,Great Barrier Reef (GBR),-17.832374,146.821289,38,282,54989,65,Abundance GBR,10,cat,22,Derived from textual description,common,expert_opinion,"","","","",
57281,1,5,1119,Palauastrea ramosa,2,Great Barrier Reef (GBR),-17.832374,146.821289,38,282,55055,65,Abundance GBR,10,cat,22,Derived from textual description,uncommon,expert_opinion,"","","","",
38956,1,5,795,Paragoniastrea australensis,2,Great Barrier Reef (GBR),-17.832374,146.821289,38,282,37400,65,Abundance GBR,10,cat,22,Derived from textual description,common,expert_opinion,"","","","",
34076,1,5,681,Paragoniastrea russelli,2,Great Barrier Reef (GBR),-17.832374,146.821289,38,282,32745,65,Abundance GBR,10,cat,22,Derived from textual description,common,expert_opinion,"","","","",
48928,1,5,982,Paramontastraea salebrosa,2,Great Barrier Reef (GBR),-17.832374,146.821289,38,282,46989,65,Abundance GBR,10,cat,22,Derived from textual description,rare,expert_opinion,"","","","",
70485,1,5,1384,Parascolymia vitiensis,2,Great Barrier Reef (GBR),-17.832374,146.821289,38,282,67780,65,Abundance GBR,10,cat,22,Derived from textual description,uncommon,expert_opinion,"","","","",
58229,1,5,1148,Pavona bipartita,2,Great Barrier Reef (GBR),-17.832374,146.821289,38,282,55959,65,Abundance GBR,10,cat,22,Derived from textual description,uncommon,expert_opinion,"","","","",
58298,1,5,1149,Pavona cactus,2,Great Barrier Reef (GBR),-17.832374,146.821289,38,282,56027,65,Abundance GBR,10,cat,22,Derived from textual description,common,expert_opinion,"","","","",
58434,1,5,1151,Pavona clavus,2,Great Barrier Reef (GBR),-17.832374,146.821289,38,282,56160,65,Abundance GBR,10,cat,22,Derived from textual description,common,expert_opinion,"","","","",
58567,1,5,1153,Pavona decussata,2,Great Barrier Reef (GBR),-17.832374,146.821289,38,282,56287,65,Abundance GBR,10,cat,22,Derived from textual description,common,expert_opinion,"","","","",
58731,1,5,1156,Pavona duerdeni,2,Great Barrier Reef (GBR),-17.832374,146.821289,38,282,56446,65,Abundance GBR,10,cat,22,Derived from textual description,uncommon,expert_opinion,"","","","",
58800,1,5,1157,Pavona explanulata,2,Great Barrier Reef (GBR),-17.832374,146.821289,38,282,56511,65,Abundance GBR,10,cat,22,Derived from textual description,common,expert_opinion,"","","","",
59033,1,5,1161,Pavona maldivensis,2,Great Barrier Reef (GBR),-17.832374,146.821289,38,282,56738,65,Abundance GBR,10,cat,22,Derived from textual description,common,expert_opinion,"","","","",
59102,1,5,1162,Pavona minuta,2,Great Barrier Reef (GBR),-17.832374,146.821289,38,282,56803,65,Abundance GBR,10,cat,22,Derived from textual description,uncommon,expert_opinion,"","","","",
59188,1,5,1163,Pavona varians,2,Great Barrier Reef (GBR),-17.832374,146.821289,38,282,56887,65,Abundance GBR,10,cat,22,Derived from textual description,common,expert_opinion,"","","","",
59256,1,5,1164,Pavona venosa,2,Great Barrier Reef (GBR),-17.832374,146.821289,38,282,56951,65,Abundance GBR,10,cat,22,Derived from textual description,uncommon,expert_opinion,"","","","",
59437,1,5,1167,Pectinia alcicornis,2,Great Barrier Reef (GBR),-17.832374,146.821289,38,282,57127,65,Abundance GBR,10,cat,22,Derived from textual description,uncommon,expert_opinion,"","","","",
59594,1,5,1170,Pectinia elongata,2,Great Barrier Reef (GBR),-17.832374,146.821289,38,282,57280,65,Abundance GBR,10,cat,22,Derived from textual description,uncommon,expert_opinion,"","","","",
59664,1,5,1171,Pectinia lactuca,2,Great Barrier Reef (GBR),-17.832374,146.821289,38,282,57347,65,Abundance GBR,10,cat,22,Derived from textual description,common,expert_opinion,"","","","",
59803,1,5,1173,Pectinia paeonia,2,Great Barrier Reef (GBR),-17.832374,146.821289,38,282,57481,65,Abundance GBR,10,cat,22,Derived from textual description,common,expert_opinion,"","","","",
60409,1,5,1190,Physogyra lichtensteini,2,Great Barrier Reef (GBR),-17.832374,146.821289,38,282,58061,65,Abundance GBR,10,cat,22,Derived from textual description,common,expert_opinion,"","","","",
60714,1,5,1197,Platygyra contorta,2,Great Barrier Reef (GBR),-17.832374,146.821289,38,282,58356,65,Abundance GBR,10,cat,22,Derived from textual description,uncommon,expert_opinion,"","","","",
60855,1,5,1199,Platygyra daedalea,2,Great Barrier Reef (GBR),-17.832374,146.821289,38,282,58493,65,Abundance GBR,10,cat,22,Derived from textual description,common,expert_opinion,"","","","",
60930,1,5,1200,Platygyra lamellina,2,Great Barrier Reef (GBR),-17.832374,146.821289,38,282,58565,65,Abundance GBR,10,cat,22,Derived from textual description,uncommon,expert_opinion,"","","","",
61001,1,5,1201,Platygyra pini,2,Great Barrier Reef (GBR),-17.832374,146.821289,38,282,58633,65,Abundance GBR,10,cat,22,Derived from textual description,uncommon,expert_opinion,"","","","",
61074,1,5,1202,Platygyra ryukyuensis,2,Great Barrier Reef (GBR),-17.832374,146.821289,38,282,58702,65,Abundance GBR,10,cat,22,Derived from textual description,uncommon,expert_opinion,"","","","",
61158,1,5,1203,Platygyra sinensis,2,Great Barrier Reef (GBR),-17.832374,146.821289,38,282,58782,65,Abundance GBR,10,cat,22,Derived from textual description,uncommon,expert_opinion,"","","","",
61229,1,5,1204,Platygyra verweyi,2,Great Barrier Reef (GBR),-17.832374,146.821289,38,282,58850,65,Abundance GBR,10,cat,22,Derived from textual description,uncommon,expert_opinion,"","","","",
61810,1,5,1218,Plerogyra sinuosa,2,Great Barrier Reef (GBR),-17.832374,146.821289,38,282,59412,65,Abundance GBR,10,cat,22,Derived from textual description,uncommon,expert_opinion,"","","","",
61977,1,5,1221,Plesiastrea versipora,2,Great Barrier Reef (GBR),-17.832374,146.821289,38,282,59573,65,Abundance GBR,10,cat,22,Derived from textual description,uncommon,expert_opinion,"","","","",
36369,1,5,741,Pleuractis granulosa,2,Great Barrier Reef (GBR),-17.832374,146.821289,38,282,34932,65,Abundance GBR,10,cat,22,Derived from textual description,uncommon,expert_opinion,"","","","",
36660,1,5,746,Pleuractis moluccensis,2,Great Barrier Reef (GBR),-17.832374,146.821289,38,282,35212,65,Abundance GBR,10,cat,22,Derived from textual description,uncommon,expert_opinion,"","","","",
36730,1,5,747,Pleuractis paumotensis,2,Great Barrier Reef (GBR),-17.832374,146.821289,38,282,35279,65,Abundance GBR,10,cat,22,Derived from textual description,common,expert_opinion,"","","","",
62179,1,5,1224,Pocillopora damicornis,2,Great Barrier Reef (GBR),-17.832374,146.821289,38,282,59766,65,Abundance GBR,10,cat,22,Derived from textual description,common,expert_opinion,"","","","",
62246,1,5,1225,Pocillopora danae,2,Great Barrier Reef (GBR),-17.832374,146.821289,38,282,59830,65,Abundance GBR,10,cat,22,Derived from textual description,uncommon,expert_opinion,"","","","",
62451,1,5,1228,Pocillopora eydouxi,2,Great Barrier Reef (GBR),-17.832374,146.821289,38,282,60029,65,Abundance GBR,10,cat,22,Derived from textual description,common,expert_opinion,"","","","",
62712,1,5,1232,Pocillopora kelleheri,2,Great Barrier Reef (GBR),-17.832374,146.821289,38,282,60282,65,Abundance GBR,10,cat,22,Derived from textual description,uncommon,expert_opinion,"","","","",
62846,1,5,1234,Pocillopora meandrina,2,Great Barrier Reef (GBR),-17.832374,146.821289,38,282,60412,65,Abundance GBR,10,cat,22,Derived from textual description,common,expert_opinion,"","","","",
63021,1,5,1237,Pocillopora verrucosa,2,Great Barrier Reef (GBR),-17.832374,146.821289,38,282,60585,65,Abundance GBR,10,cat,22,Derived from textual description,common,expert_opinion,"","","","",
63088,1,5,1238,Pocillopora woodjonesi,2,Great Barrier Reef (GBR),-17.832374,146.821289,38,282,60649,65,Abundance GBR,10,cat,22,Derived from textual description,uncommon,expert_opinion,"","","","",
63215,1,5,1240,Podabacia crustacea,2,Great Barrier Reef (GBR),-17.832374,146.821289,38,282,60772,65,Abundance GBR,10,cat,22,Derived from textual description,uncommon,expert_opinion,"","","","",
63334,1,5,1242,Podabacia motuporensis,2,Great Barrier Reef (GBR),-17.832374,146.821289,38,282,60887,65,Abundance GBR,10,cat,22,Derived from textual description,uncommon,expert_opinion,"","","","",
64059,1,5,1265,Polyphyllia talpina,2,Great Barrier Reef (GBR),-17.832374,146.821289,38,282,61583,65,Abundance GBR,10,cat,22,Derived from textual description,common,expert_opinion,"","","","",
64133,1,5,1266,Porites annae,2,Great Barrier Reef (GBR),-17.832374,146.821289,38,282,61653,65,Abundance GBR,10,cat,22,Derived from textual description,common,expert_opinion,"","","","",
64480,1,5,1271,Porites australiensis,2,Great Barrier Reef (GBR),-17.832374,146.821289,38,282,61987,65,Abundance GBR,10,cat,22,Derived from textual description,common,expert_opinion,"","","","",
65080,1,5,1281,Porites cylindrica,2,Great Barrier Reef (GBR),-17.832374,146.821289,38,282,62572,65,Abundance GBR,10,cat,22,Derived from textual description,common,expert_opinion,"","","","",
65182,1,5,1283,Porites deformis,2,Great Barrier Reef (GBR),-17.832374,146.821289,38,282,62670,65,Abundance GBR,10,cat,22,Derived from textual description,uncommon,expert_opinion,"","","","",
65252,1,5,1284,Porites densa,2,Great Barrier Reef (GBR),-17.832374,146.821289,38,282,62736,65,Abundance GBR,10,cat,22,Derived from textual description,common,expert_opinion,"","","","",
66014,1,5,1298,Porites heronensis,2,Great Barrier Reef (GBR),-17.832374,146.821289,38,282,63480,65,Abundance GBR,10,cat,22,Derived from textual description,rare,expert_opinion,"","","","",
66244,1,5,1302,Porites lichen,2,Great Barrier Reef (GBR),-17.832374,146.821289,38,282,63704,65,Abundance GBR,10,cat,22,Derived from textual description,common,expert_opinion,"","","","",
66325,1,5,1303,Porites lobata,2,Great Barrier Reef (GBR),-17.832374,146.821289,38,282,63784,65,Abundance GBR,10,cat,22,Derived from textual description,common,expert_opinion,"","","","",
66421,1,5,1304,Porites lutea,2,Great Barrier Reef (GBR),-17.832374,146.821289,38,282,63876,65,Abundance GBR,10,cat,22,Derived from textual description,common,expert_opinion,"","","","",
66490,1,5,1305,Porites mayeri,2,Great Barrier Reef (GBR),-17.832374,146.821289,38,282,63941,65,Abundance GBR,10,cat,22,Derived from textual description,common,expert_opinion,"","","","",
66559,1,5,1306,Porites monticulosa,2,Great Barrier Reef (GBR),-17.832374,146.821289,38,282,64006,65,Abundance GBR,10,cat,22,Derived from textual description,uncommon,expert_opinion,"","","","",
66634,1,5,1307,Porites murrayensis,2,Great Barrier Reef (GBR),-17.832374,146.821289,38,282,64077,65,Abundance GBR,10,cat,22,Derived from textual description,common,expert_opinion,"","","","",
66703,1,5,1308,Porites myrmidonensis,2,Great Barrier Reef (GBR),-17.832374,146.821289,38,282,64142,65,Abundance GBR,10,cat,22,Derived from textual description,uncommon,expert_opinion,"","","","",
66902,1,5,1311,Porites nigrescens,2,Great Barrier Reef (GBR),-17.832374,146.821289,38,282,64335,65,Abundance GBR,10,cat,22,Derived from textual description,common,expert_opinion,"","","","",
67480,1,5,1320,Porites rus,2,Great Barrier Reef (GBR),-17.832374,146.821289,38,282,64895,65,Abundance GBR,10,cat,22,Derived from textual description,common,expert_opinion,"","","","",
67621,1,5,1322,Porites solida,2,Great Barrier Reef (GBR),-17.832374,146.821289,38,282,65030,65,Abundance GBR,10,cat,22,Derived from textual description,common,expert_opinion,"","","","",
67757,1,5,1324,Porites stephensoni,2,Great Barrier Reef (GBR),-17.832374,146.821289,38,282,65160,65,Abundance GBR,10,cat,22,Derived from textual description,uncommon,expert_opinion,"","","","",
67977,1,5,1328,Porites vaughani,2,Great Barrier Reef (GBR),-17.832374,146.821289,38,282,65374,65,Abundance GBR,10,cat,22,Derived from textual description,common,expert_opinion,"","","","",
68277,1,5,1337,Psammocora contigua,2,Great Barrier Reef (GBR),-17.832374,146.821289,38,282,65662,65,Abundance GBR,10,cat,22,Derived from textual description,common,expert_opinion,"","","","",
68401,1,5,1338,Psammocora digitata,2,Great Barrier Reef (GBR),-17.832374,146.821289,38,282,65782,65,Abundance GBR,10,cat,22,Derived from textual description,uncommon,expert_opinion,"","","","",
68535,1,5,1340,Psammocora haimiana,2,Great Barrier Reef (GBR),-17.832374,146.821289,38,282,65908,65,Abundance GBR,10,cat,22,Derived from textual description,uncommon,expert_opinion,"","","","",
68776,1,5,1344,Psammocora profundacella,2,Great Barrier Reef (GBR),-17.832374,146.821289,38,282,66139,65,Abundance GBR,10,cat,22,Derived from textual description,uncommon,expert_opinion,"","","","",
68948,1,5,1347,Psammocora superficialis,2,Great Barrier Reef (GBR),-17.832374,146.821289,38,282,66308,65,Abundance GBR,10,cat,22,Derived from textual description,common,expert_opinion,"","","","",
68638,1,5,1348,Psammocora verrilli,2,Great Barrier Reef (GBR),-17.832374,146.821289,38,282,66008,65,Abundance GBR,10,cat,22,Derived from textual description,rare,expert_opinion,"","","","",
69169,1,5,1351,Pseudosiderastrea tayamai,2,Great Barrier Reef (GBR),-17.832374,146.821289,38,282,66521,65,Abundance GBR,10,cat,22,Derived from textual description,uncommon,expert_opinion,"","","","",
70018,1,5,1376,Sandalolitha robusta,2,Great Barrier Reef (GBR),-17.832374,146.821289,38,282,67331,65,Abundance GBR,10,cat,22,Derived from textual description,common,expert_opinion,"","","","",
70086,1,5,1377,Scapophyllia cylindrica,2,Great Barrier Reef (GBR),-17.832374,146.821289,38,282,67395,65,Abundance GBR,10,cat,22,Derived from textual description,uncommon,expert_opinion,"","","","",
70664,1,5,1387,Seriatopora caliendrum,2,Great Barrier Reef (GBR),-17.832374,146.821289,38,282,67955,65,Abundance GBR,10,cat,22,Derived from textual description,uncommon,expert_opinion,"","","","",
70867,1,5,1390,Seriatopora hystrix,2,Great Barrier Reef (GBR),-17.832374,146.821289,38,282,68154,65,Abundance GBR,10,cat,22,Derived from textual description,common,expert_opinion,"","","","",
72542,1,5,1431,Stylaraea punctata,2,Great Barrier Reef (GBR),-17.832374,146.821289,38,282,69755,65,Abundance GBR,10,cat,22,Derived from textual description,rare,expert_opinion,"","","","",
72608,1,5,1432,Stylocoeniella armata,2,Great Barrier Reef (GBR),-17.832374,146.821289,38,282,69818,65,Abundance GBR,10,cat,22,Derived from textual description,rare,expert_opinion,"","","","",
72736,1,5,1434,Stylocoeniella guentheri,2,Great Barrier Reef (GBR),-17.832374,146.821289,38,282,69942,65,Abundance GBR,10,cat,22,Derived from textual description,uncommon,expert_opinion,"","","","",
73132,1,5,1441,Stylophora pistillata,2,Great Barrier Reef (GBR),-17.832374,146.821289,38,282,70330,65,Abundance GBR,10,cat,22,Derived from textual description,common,expert_opinion,"","","","",
73319,1,5,1444,Symphyllia agaricia,2,Great Barrier Reef (GBR),-17.832374,146.821289,38,282,70513,65,Abundance GBR,10,cat,22,Derived from textual description,uncommon,expert_opinion,"","","","",
73514,1,5,1447,Symphyllia radians,2,Great Barrier Reef (GBR),-17.832374,146.821289,38,282,70701,65,Abundance GBR,10,cat,22,Derived from textual description,common,expert_opinion,"","","","",
73587,1,5,1448,Symphyllia recta,2,Great Barrier Reef (GBR),-17.832374,146.821289,38,282,70770,65,Abundance GBR,10,cat,22,Derived from textual description,common,expert_opinion,"","","","",
73654,1,5,1449,Symphyllia valenciennesii,2,Great Barrier Reef (GBR),-17.832374,146.821289,38,282,70834,65,Abundance GBR,10,cat,22,Derived from textual description,uncommon,expert_opinion,"","","","",
74188,1,5,1465,Trachyphyllia geoffroyi,2,Great Barrier Reef (GBR),-17.832374,146.821289,38,282,71341,65,Abundance GBR,10,cat,22,Derived from textual description,rare,expert_opinion,"","","","",
76436,1,5,1538,Turbinaria bifrons,2,Great Barrier Reef (GBR),-17.832374,146.821289,38,282,73456,65,Abundance GBR,10,cat,22,Derived from textual description,uncommon,expert_opinion,"","","","",
76502,1,5,1539,Turbinaria conspicua,2,Great Barrier Reef (GBR),-17.832374,146.821289,38,282,73519,65,Abundance GBR,10,cat,22,Derived from textual description,rare,expert_opinion,"","","","",
76604,1,5,1541,Turbinaria frondens,2,Great Barrier Reef (GBR),-17.832374,146.821289,38,282,73616,65,Abundance GBR,10,cat,22,Derived from textual description,common,expert_opinion,"","","","",
76671,1,5,1542,Turbinaria heronensis,2,Great Barrier Reef (GBR),-17.832374,146.821289,38,282,73679,65,Abundance GBR,10,cat,22,Derived from textual description,rare,expert_opinion,"","","","",
76807,1,5,1544,Turbinaria mesenterina,2,Great Barrier Reef (GBR),-17.832374,146.821289,38,282,73812,65,Abundance GBR,10,cat,22,Derived from textual description,common,expert_opinion,"","","","",
76875,1,5,1545,Turbinaria patula,2,Great Barrier Reef (GBR),-17.832374,146.821289,38,282,73876,65,Abundance GBR,10,cat,22,Derived from textual description,uncommon,expert_opinion,"","","","",
77012,1,5,1547,Turbinaria radicalis,2,Great Barrier Reef (GBR),-17.832374,146.821289,38,282,74005,65,Abundance GBR,10,cat,22,Derived from textual description,rare,expert_opinion,"","","","",
77084,1,5,1548,Turbinaria reniformis,2,Great Barrier Reef (GBR),-17.832374,146.821289,38,282,74073,65,Abundance GBR,10,cat,22,Derived from textual description,common,expert_opinion,"","","","",
77149,1,5,1549,Turbinaria stellulata,2,Great Barrier Reef (GBR),-17.832374,146.821289,38,282,74135,65,Abundance GBR,10,cat,22,Derived from textual description,uncommon,expert_opinion,"","","","",
77367,1,5,1555,Zoopilus echinatus,2,Great Barrier Reef (GBR),-17.832374,146.821289,38,282,74342,65,Abundance GBR,10,cat,22,Derived from textual description,common,expert_opinion,"","","","",
